{"cameraMode":{"drawMode":0,"name":"Shaded","section":"Shading Mode"},"sceneLighting":false,"audioPlay":false,"sceneViewState":{"m_AlwaysRefresh":false,"showFog":true,"showSkybox":false,"showFlares":true,"showImageEffects":true,"showParticleSystems":true,"showVisualEffectGraphs":true,"m_FxEnabled":true},"in2DMode":false,"pivot":{"x":23.93002700805664,"y":0.25504565238952639,"z":25.288639068603517},"rotation":{"x":-0.23687569797039033,"y":0.3833143711090088,"z":-0.10238102078437805,"w":-0.8868642449378967},"size":3.5081582069396974,"orthographic":false}