{"cameraMode":{"drawMode":0,"name":"Shaded","section":"Shading Mode"},"sceneLighting":false,"audioPlay":false,"sceneViewState":{"m_AlwaysRefresh":false,"showFog":true,"showSkybox":true,"showFlares":true,"showImageEffects":true,"showParticleSystems":true,"showVisualEffectGraphs":true,"m_FxEnabled":true},"in2DMode":false,"pivot":{"x":143.39657592773438,"y":-17.63173484802246,"z":81.86656188964844},"rotation":{"x":0.14492946863174439,"y":0.39244475960731509,"z":-0.06386420875787735,"w":0.9063289761543274},"size":27.153675079345704,"orthographic":false}