{"cameraMode":{"drawMode":0,"name":"Shaded","section":"Shading Mode"},"sceneLighting":false,"audioPlay":false,"sceneViewState":{"m_AlwaysRefresh":false,"showFog":true,"showSkybox":true,"showFlares":true,"showImageEffects":true,"showParticleSystems":true,"showVisualEffectGraphs":true,"m_FxEnabled":true},"in2DMode":false,"pivot":{"x":117.95268249511719,"y":1.4093785285949708,"z":32.46049499511719},"rotation":{"x":0.09265526384115219,"y":0.5610752701759338,"z":-0.06338698416948319,"w":0.8201211094856262},"size":13.665116310119629,"orthographic":false}