{"cameraMode":{"drawMode":0,"name":"Shaded","section":"Shading Mode"},"sceneLighting":true,"audioPlay":false,"sceneViewState":{"m_AlwaysRefresh":false,"showFog":true,"showSkybox":true,"showFlares":true,"showImageEffects":true,"showParticleSystems":true,"showVisualEffectGraphs":true,"m_FxEnabled":true},"in2DMode":false,"pivot":{"x":-136.54312133789063,"y":-37.55632400512695,"z":-290.3960266113281},"rotation":{"x":0.017927756533026696,"y":-0.9603691697120667,"z":0.06191873177886009,"w":0.27168363332748415},"size":181.35079956054688,"orthographic":false}